story_id,event,rel,arg,arg_type
ex_01,lost,agent,Maria,Character
ex_01,lost,patient,dog,Character
ex_01,lost,location,park,Location
ex_01,lost,next,searched,Event
ex_01,searched,agent,Maria,Character
ex_01,searched,patient,bench,Object
ex_01,searched,next,found,Event
ex_01,found,agent,gardener,Character
ex_01,found,patient,dog,Character
ex_01,found,location,lake,Location
ex_01,found,next,called,Event
ex_01,called,agent,gardener,Character
ex_01,called,patient,Maria,Character
ex_01,called,next,hugged,Event
ex_01,hugged,agent,Maria,Character
ex_01,hugged,patient,dog,Character
ex_01,hugged,next,thanked,Event
ex_01,thanked,agent,Maria,Character
ex_01,thanked,patient,gardener,Character
